N,Song1,Song2
0,light_myLife,lady_divine_pt1
1,light_myLife,lady_divine_pt2
2,light_myLife,lady_divine_pt3
3,confessing,starlight
4,o_gladsome,o_light
5,lady_love,word_warning
6,whisper,wishing_song
7,does_anybody,bali
8,spider,desert_song
9,old_eli,someday_prince
10,alla_rancho,el_rancho_anonymous
11,chatterbox_carew,chatterbox_jerome
12,kansas,roses
13,whisper_to_me,itallcomes
14,kalamazoo_arnstein,kalamazoo_warren
15,prelude,dakota
16,vagyok,perhaps
17,messiah,fence
18,shepherd,beginthebeguine
19,amothersprayer,myownsweet
20,sadness,youdbesonice
21,twilightwaltz,calledlove
22,motheranddad,nearyou
23,tonighthesailedagain,iloveyouyesido
24,thehappywhistler,sanfranciscobrewingad
25,muehlebachbeersmith,timeformuehlebach
26,mygodandi,mygodanditwo
27,goodnight,whilewedream
28,rendezvous,idreamed
29,mizpahshalom,shalom
30,evangelimann,mitternachtstango
31,mojoworkout,gotmymojoworking
32,sognonostalgico,girlinthedark
33,hessofine,mysweetlord
34,jeanniemichele,themeatimetolove
35,daybyday,themetodayshow
36,keeponsinging,keeponsingingtwo
37,dirlada,loopdilove
38,letitend,howdeepisyourlove
39,pourtoi,feelings
40,uncantoagalicia,bisschenfrieden
41,lifeisarock,menusong
42,es,hey
43,tillyou,phantomoftheopera
44,ithinkaboutyou,ithinkaboutyoutwo
45,greengrassgrows,superstring
46,whereareyounow,whereareyou
47,gehtsparkasse,begood
48,heartbeat,getoveryou
49,gumtree,downunder
50,blessees,janine
51,reich,niveau
